{
  "id": "1961005",
  "name": "pos",
  "font_family": "iconfont",
  "css_prefix_text": "icon-",
  "description": "",
  "glyphs": [
    {
      "icon_id": "13481110",
      "name": "充值",
      "font_class": "3",
      "unicode": "e600",
      "unicode_decimal": 58880
    },
    {
      "icon_id": "14005437",
      "name": "设 置",
      "font_class": "shezhi",
      "unicode": "e60f",
      "unicode_decimal": 58895
    },
    {
      "icon_id": "14871468",
      "name": "办卡",
      "font_class": "banka",
      "unicode": "e7e8",
      "unicode_decimal": 59368
    }
  ]
}
